[
  {
    "id": "1",
    "doa": "Doa sebelum tidur",
    "ayat": "بِسْمِكَ االلّٰهُمَّ اَحْيَا وَبِاسْمِكَ اَمُوْتُ",
    "latin": "Bismikallaahumma ahyaa wa ammuut",
    "artinya": "Dengan menyebut nama Allah, aku hidup dan aku mati"
  },
  {
    "id": "2",
    "doa": "Doa bangun tidur",
    "ayat": "اَلْحَمْدُ ِللهِ الَّذِىْ اَحْيَانَا بَعْدَمَآ اَمَاتَنَا وَاِلَيْهِ النُّشُوْرُ",
    "latin": "Alhamdu lillahil ladzii ahyaanaa ba’da maa amaa tanaa wa ilahin nusyuuru",
    "artinya": "Segala puji bagi Allah yang telah menghidupkan kami sesudah kami mati (membangunkan dari tidur) dan hanya kepada-Nya kami dikembalikan"
  },
  {
    "id": "3",
    "doa": "Doa masuk kamar mandi",
    "ayat": "اَللّٰهُمَّ اِنّىْ اَعُوْذُبِكَ مِنَ الْخُبُثِ وَالْخَبَآئِثِ",
    "latin": "Allahumma Innii a'uudzubika minal khubutsi wal khoaaitsi",
    "artinya": "Ya Allah, aku berlindung pada-Mu dari godaan setan laki-laki dan setan perempuan"
  },
  {
    "id": "4",
    "doa": "Doa ketika bercermin",
    "ayat": "اَلْحَمْدُ ِللهِ كَمَا حَسَّنْتَ خَلْقِىْ فَحَسِّـنْ خُلُقِىْ",
    "latin": "Alhamdulillaahi kamaa hassanta kholqii fahassin khuluqii",
    "artinya": "Segala puji bagi Allah, baguskanlah budi pekertiku sebagaimana Engkau telah membaguskan rupa wajahku"
  },
  {
    "id": "5",
    "doa": "Doa keluar rumah",
    "ayat": "بِسْمِ اللهِ تَوَكَّلْتُ عَلَى اللهِ لاَحَوْلَ وَلاَقُوَّةَ اِلاَّ بِالله",
    "latin": "Bismillaahi tawakkaltu 'alalloohi laa hawlaa walaa quwwata illaa bilaahi",
    "artinya": "Dengan menyebut nama Allah aku bertawakal kepada Allah, tiada daya kekuatan melainkan dengan pertolongan Allah."
  },
  {
    "id": "6",
    "doa": "Doa masuk rumah",
    "ayat": "اَللّٰهُمَّ اِنّىْ اَسْأَلُكَ خَيْرَالْمَوْلِجِ وَخَيْرَالْمَخْرَجِ بِسْمِ اللهِ وَلَجْنَا وَبِسْمِ اللهِ خَرَجْنَا وَعَلَى اللهِ رَبّنَا تَوَكَّلْنَا",
    "latin": "Allahumma innii as-aluka khoirol mauliji wa khoirol makhroji bismillaahi wa lajnaa wa bismillaahi khorojnaa wa'alallohi robbina tawakkalnaa",
    "artinya": "Ya Allah, sesungguhnya aku mohon kepada-Mu baiknya tempat masuk dan baiknya tempat keluar dengan menyebut nama Allah kami masuk, dan dengan menyebut nama Allah kami keluar dan kepada Allah Tuhan kami, kami bertawakkal"
  },
  {
    "id": "7",
    "doa": "Doa memohon ilmu yang bermanfaat",
    "ayat": "اَللّٰهُمَّ اِنِّى اَسْأَلُكَ عِلْمًا نَافِعًا وَرِزْقًا طَيِّبًا وَعَمَلاً مُتَقَبَّلاً",
    "latin": "Allahumma innii as-aluka 'ilmaan naafi'aan wa rizqoon thoyyibaan wa 'amalaan mutaqobbalaan",
    "artinya": "Ya Allah, sesungguhnya aku mohon kepada-Mu ilmu yang berguna, rezki yang baik dan amal yang baik Diterima. (H.R. Ibnu Majah)"
  },
  {
    "id": "8",
    "doa": "Doa sebelum belajar",
    "ayat": "يَارَبِّ زِدْنِىْ عِلْمًا وَارْزُقْنِىْ فَهْمًا",
    "latin": "Yaa robbi zidnii 'ilman warzuqnii fahmaa",
    "artinya": "Ya Allah, tambahkanlah aku ilmu dan berikanlah aku rizqi akan kepahaman"
  },
  {
    "id": "9",
    "doa": "Doa sesudah belajar",
    "ayat": "اَللّٰهُمَّ اِنِّى اِسْتَوْدِعُكَ مَاعَلَّمْتَنِيْهِ فَارْدُدْهُ اِلَىَّ عِنْدَ حَاجَتِىْ وَلاَ تَنْسَنِيْهِ يَارَبَّ الْعَالَمِيْنَ",
    "latin": "Allaahumma innii astaudi'uka maa 'allamtaniihi fardud-hu ilayya 'inda haajatii wa laa tansaniihi yaa robbal 'alamiin",
    "artinya": "Ya Allah, sesungguhnya aku menitipkan kepada Engkau ilmu-ilmu yang telah Engkau ajarkan kepadaku, dan kembalikanlah kepadaku sewaktu aku butuh kembali dan janganlah Engkau lupakan aku kepada ilmu itu wahai Tuhan seru sekalian alam."
  },
  {
    "id": "10",
    "doa": "Doa sebelum wudhu",
    "ayat": "نَوَيْتُ الْوُضُوْءَ لِرَفْعِ الْحَدَثِ اْلاَصْغَرِ فَرْضًا لِلّٰهِ تَعَالَى",
    "latin": "Nawaitul whudu-a lirof'il hadatsii ashghori fardhon lillaahi ta'aalaa",
    "artinya": "Saya niat berwudhu untuk menghilangkan hadast kecil fardu (wajib) karena Allah ta'ala"
  },
  {
    "id": "11",
    "doa": "Doa setelah wudhu",
    "ayat": "اَشْهَدُ اَنْ لاَّاِلَهَ اِلاَّاللهُ وَحْدَهُ لاَشَرِيْكَ لَهُ وَاَشْهَدُ اَنَّ مُحَمَّدًاعَبْدُهُ وَرَسُوْلُهُ. اَللّٰهُمَّ اجْعَلْنِىْ مِنَ التَّوَّابِيْنَ وَاجْعَلْنِىْ مِنَ الْمُتَطَهِّرِيْنَ، وَجْعَلْنِيْ مِنْ عِبَادِكَ الصَّالِحِيْنَ",
    "latin": "Asyhadu allaa ilaaha illalloohu wahdahuu laa syariika lahu wa asyhadu anna muhammadan ‘abduhuuwa rosuuluhuu, alloohummaj’alnii minat tawwaabiina waj’alnii minal mutathohhiriina, waj'alnii min 'ibadikash shaalihiina.",
    "artinya": "Aku bersaksi, tidak ada Tuhan selain Allah Yang Maha Esa, tidak ada sekutu bagi-Nya, dan aku mengaku bahwa Nabi Muhammad itu adalah hamba dan Utusan Allah. Ya Allah, jadikanlah aku dari golongan orang-orang yang bertaubat dan jadikanlah aku dari golongan orang-orang yang suci dan jadikanlah aku dari golongan hamba-hamba Mu yang shaleh"
  },
  {
    "id": "12",
    "doa": "Doa sebelum membaca al-qur'an",
    "ayat": "اَللّٰهُمَّ افْتَحْ عَلَىَّ حِكْمَتَكَ وَانْشُرْ عَلَىَّ رَحْمَتَكَ وَذَكِّرْنِىْ مَانَسِيْتُ يَاذَاالْجَلاَلِ وَاْلاِكْرَامِ",
    "latin": "Allahummaftah 'alayya hikmataka wansyur 'alayya rohmataka wa dzakkirnii maanasiitu yaa dzal jalaali wal ikhroomi",
    "artinya": "Ya Allah bukakanlah hikmahMu padaku, bentangkanlah rahmatMu padaku dan ingatkanlah aku terhadap apa yang aku lupa, wahai Dzat yang memiliki keagungan dan kemuliaan"
  },
  {
    "id": "13",
    "doa": "Doa setelah membaca al-qur'an",
    "ayat": "اَللّٰهُمَّ ارْحَمْنِىْ بِالْقُرْآنِ. وَاجْعَلْهُ لِىْ اِمَامًا وَنُوْرًا وَّهُدًى وَّرَحْمَةً. اَللّٰهُمَّ ذَكِّرْنِىْ مِنْهُ مَانَسِيْتُ وَعَلِّمْنِىْ مِنْهُ مَاجَهِلْتُ. وَارْزُقْنِىْ تِلاَ وَتَهُ آنَآءَ اللَّيْلِ وَاَطْرَافَ النَّهَارٍ. وَاجْعَلْهُ لِىْ حُجَّةً يَارَبَّ الْعَالَمِيْنَ",
    "latin": "Allahummarhamnii bil qur'aani. waj'alhu lii imaaman wa nuuran wa hudan wa rohman. Allahumma dzakkirnii minhu maa nasiitu wa'allimnii minhu maa jahiltu. wazuqnii tilaa watahu aanaa-al laili wa athroofan nahaari. waj'alhu lii hujjatan yaa robbal 'aalamiina.",
    "artinya": "Ya Allah, rahmatilah aku dengan Al-Quran yang agung, jadikanlah ia bagiku ikutan cahaya petunjuk rahmat. Ya Allah, ingatkanlah apa yang telah aku lupa dan ajarkan kepadaku apa yang tidak aku ketahui darinya, anugerahkanlah padaku kesempatan membacanya pada sebagian malam dan siang, jadikanlah ia hujjah yang kuat bagiku, wahai Tuhan seru sekalian alam."
  },
  {
    "id": "14",
    "doa": "Doa sebelum mandi",
    "ayat": "اَللّٰهُمَّ اغْفِرْلِى ذَنْبِى وَوَسِّعْ لِى فِىْ دَارِىْ وَبَارِكْ لِىْ فِىْ رِزْقِىْ",
    "latin": "Allahummaghfirlii dzambii wa wassi'lii fii daarii wa baarik lii fii rizqii",
    "artinya": "Ya Allah ampunilah dosa kesalahanku dan berilah keluasaan di rumahku serta berkahilah pada rezekiku"
  },
  {
    "id": "15",
    "doa": "Doa hendak berpergian",
    "ayat": "اَللّٰهُمَّ هَوِّنْ عَلَيْنَا سَفَرَنَا هَذَا وَاطْوِعَنَّابُعْدَهُ اَللّٰهُمَّ اَنْتَ الصَّاحِبُ فِى السَّفَرِوَالْخَلِيْفَةُفِى الْاَهْلِ",
    "latin": "Allahumma hawwin 'alainaa safaranaa hadzaa waatwi 'annaa bu'dahu. Alloohumma antashookhibu fiissafari walkholiifatu fiil ahli",
    "artinya": "Ya Allah, mudahkanlah kami berpergian ini, dan dekatkanlah kejauhannya. Ya Allah yang menemani dalam berpergian, dan Engkau pula yang melindungi keluarga."
  },
  {
    "id": "16",
    "doa": "Doa ketika sampai di tempat tujuan",
    "ayat": "اَلْحَمْدُ ِللهِ الَّذِى سَلَمَنِى وَالَّذِى اَوَنِى وَالَّذِى جَمَعَ الشَّمْلَ بِ",
    "latin": "Alhamdulillahil ladzi sallamani wal ladzi awani wal ladzi jama’asy syamla bi",
    "artinya": "Segala puji bagi Allah, yang telah menyelamatkan akau dan yang telah melindungiku dan yang mengumpulkanku dengan keluargaku."
  },
  {
    "id": "17",
    "doa": "Doa memakai pakaian",
    "ayat": "بِسْمِ اللهِ اَللّٰهُمَّ اِنِّى اَسْأَلُكَ مِنْ خَيْرِهِ وَخَيْرِ مَاهُوَ لَهُ وَاَعُوْذُبِكَ مِنْ شَرِّهِ وَشَرِّمَا هُوَلَهُ",
    "latin": "Bismillaahi, Alloohumma innii as-aluka min khoirihi wa khoiri maa huwa lahuu wa'a'uu dzubika min syarrihi wa syarri maa huwa lahuu",
    "artinya": "Dengan nama-Mu yaa Allah akku minta kepada Engkau kebaikan pakaian ini dan kebaikan apa yang ada padanya, dan aku berlindung kepada Engkau dari kejahatan pakaian ini dan kejahatan yang ada padanya"
  },
  {
    "id": "18",
    "doa": "Doa memakai pakaian baru",
    "ayat": " اَلْحَمْدُ لِلّٰهِ الَّذِىْ كَسَانِىْ هَذَا وَرَزَقَنِيْهِ مِنْ غَيْرِ حَوْلٍ مِنِّىْ وَلاَقُوَّةٍ",
    "latin": "Alhamdu lillaahil ladzii kasaanii haadzaa wa rozaqoniihi min ghoiri hawlim minni wa laa quwwatin",
    "artinya": "Segala puji bagi Allah yang memberi aku pakaian ini dan memberi rizeki dengan tiada upaya dan kekuatan dariku"
  },
  {
    "id": "19",
    "doa": "Doa melepas pakaian",
    "ayat": "بِسْمِ اللهِ الَّذِيْ لاَ إِلَهَ إِلَّا هُوَ",
    "latin": "Bismillaahil ladzii laa ilaaha illaa huwa",
    "artinya": "Dengan nama Allah yang tiada Tuhan selain-Nya"
  },
  {
    "id": "20",
    "doa": "Doa menjelang sholat subuh",
    "ayat": "اَللّٰهُمَّ اِنِّى اَعُوْذُ بِكَ مِنْ ضِيْقِ الدُّنْيَا وَضِيْقِ يَوْمِ الْقِيَامَةِ",
    "latin": "Allaahumma inni a'udzubika min dzhiiqid-dunyaa wa dzhiiqi yaumal-qiyaamati",
    "artinya": "Ya Allah! Sesungguhnya aku berlindung kepada-Mu dari kesempitan dunia dan kesempitan hari kiamat. (HR. Abu Daud)"
  },
  {
    "id": "21",
    "doa": "Doa menyambut pagi hari",
    "ayat": "اَللّٰهُمَّ بِكَ اَصْبَحْنَا وَبِكَ اَمْسَيْنَا وَبِكَ نَحْيَا وَبِكَ نَمُوْتُ وَاِلَيْكَ النُّشُوْرُ",
    "latin": "Alloohumma bika ashbahnaa wa bika amsainaa wa bika nahyaa wa bika namuutu wa ilaikan nusyuuru",
    "artinya": "Ya Allah, karena Engkau kami mengalami waktu pagi dan waktu petang, dan karena Engkau kami hidup dan mati dan kepada-Mu juga kami akan kembali."
  },
  {
    "id": "22",
    "doa": "Doa menyambut sore hari",
    "ayat": "اَللّٰهُمَّ بِكَ اَمْسَيْنَا وَبِكَ اَصْبَحْنَا وَبِكَ نَحْيَا وَبِكَ نَمُوْتُ وَاِلَيْكَ الْمَصِيْرُ",
    "latin": "Allahumma bika amsainaa wa bika ashbahnaa wa bika nahyaa wa bika namuutu wa ilaikal mashiir",
    "artinya": "Ya Allah, karena Engkau kami mengalami waktu petang dan waktu pagi, karena Engkau kami hidup dan mati dan kepada-Mu juga kami akan kembali."
  },
  {
    "id": "23",
    "doa": "Doa bercermin",
    "ayat": "اللَّهُمَّ كَمَا حَسَّنْتَ خَلْقِي فَحَسِّنْ خُلُقِي",
    "latin": "Alloohumma kamaa hassanta kholqii fahassin khuluqi",
    "artinya": "Ya Allah, sebagaimana Engkau baguskan tubuhku, maka baguskanlah akhlaqku"
  },
  {
    "id": "24",
    "doa": "Doa pergi ke masjid",
    "ayat": "اللَّهُمَّ اجْعَلْ فِى قَلْبِى نُورًا . وَفِى بَصَرِى نُورًا . وَفِى سَمْعِى نُورًا . وَعَنْ يَمِينِى نُورًا . وَعَنْ يَسَارِى نُورًا . وَفَوْقِى نُورًا . وَتَحْتِى نُورًا . وَأَمَامِى نُورًا . وَخَلْفِى نُورًا . وَاجْعَلْ لِى نُورًا",
    "latin": "Alloohummaj’al fii qolbi nuuron. Wa fii bashori nuuron. Wa fii sam’i nuuron. Wa ‘an yamiinii nuuron. Wa ‘ay yasaarii nuuron. Wa fauqi nuuron. Wa tahti nuuron. Wa amaamii nuuron. Wakholqi nuuron. Waj’al lii nuuron",
    "artinya": "Ya Allah, jadikanlah di dalam hatiku cahaya. Dalam penglihatanku cahaya. Pada pendengaranku cahaya. Sebelah kananku cahaya. Sebelah kiriku cahaya. Atasku cahaya. Bawahku cahaya. Depanku cahaya. Belakangku cahaya. Dan berikanlah cahaya kepadaku."
  },
  {
    "id": "25",
    "doa": "Doa masuk masjid",
    "ayat": "اللَّهُمَّ افْتَحْ لِى أَبْوَابَ رَحْمَتِكَ",
    "latin": "Alloohummaf tahlii abwaaba rohmatik",
    "artinya": "Ya Allah, bukakanlah pintu-pintu rahmatMu untukku"
  },
  {
    "id": "26",
    "doa": "Doa keluar masjid",
    "ayat": "اللَّهُمَّ إِنِّى أَسْأَلُكَ مِنْ فَضْلِكَ",
    "latin": "Alloohumma innii as-aluka min fadllik",
    "artinya": "Ya Allah, sesungguhnya aku memohon keutamaan kepadaMu"
  },
  {
    "id": "27",
    "doa": "Doa setelah adzan",
    "ayat": "اللَّهُمَّ رَبَّ هَذِهِ الدَّعْوَةِ التَّامَّةِ وَالصَّلاَةِ الْقَائِمَةِ آتِ مُحَمَّدًا الْوَسِيلَةَ وَالْفَضِيلَةَ وَابْعَثْهُ مَقَامًا مَحْمُودًا الَّذِى وَعَدْتَهُ",
    "latin": "Alloohumma robba haadzihid da’watit taammah washsholaatil qoo-imah. Aati Muhammadanil wasiilata wal fadliilah. Wab’atshu maqooman mahmuudanil ladzii wa ‘adtah",
    "artinya": "Ya Allah, Tuhan panggilan yang sempurna dan shalat yang akan didirikan ini. Berikanlah wasilah dan keutamaan kepada Muhammad. Bangkitkanlah dia pada kedudukan yang terpuji seperti yang Engkau janjikan kepadanya."
  },
  {
    "id": "28",
    "doa": "Doa naik kendaraan",
    "ayat": "سُبْحَانَ الَّذِى سَخَّرَ لَنَا هَذَا وَمَا كُنَّا لَهُ مُقْرِنِينَ وَإِنَّا إِلَى رَبِّنَا لَمُنْقَلِبُونَ",
    "latin": "Subhaanal ladzii sakhkhoro lanaa haadzaa wamaa kunnaa lahuu muqriniin. Wa innaa ilaa robbinaa lamunqolibuun",
    "artinya": "Mahasuci Dia yang telah menundukkan semua ini bagi kami padahal sebelumnya kami tidak mampu menguasainya. Dan sesungguhnya kami akan kembali kepada Tuhan kami."
  },
  {
    "id": "29",
    "doa": "Doa masuk pasar",
    "ayat": "لاَ إِلَهَ إِلاَّ اللَّهُ وَحْدَهُ لاَ شَرِيكُ لَهُ لَهُ الْمُلْكُ وَلَهُ الْحَمْدُ يُحْيِى وَيُمِيتُ وَهُوَ حَىٌّ لاَ يَمُوتُ بِيَدِهِ الْخَيْرُ وَهُوَ عَلَى كُلِّ شَىْءٍ قَدِيرٌ",
    "latin": "Laa ilaaha illalloohu wahdahu laa syariikalah. Lahul mulku walahul hamdu. Yuhyii wa yumiitu wahuwa hayyun laa yamuut. Biyadihil khoir wahuwa ‘alaa kulli syai-in qodiir",
    "artinya": "Tiada tuhan selain Allah Yang Maha Esa, tiada sekutu bagiNya. Dia yang mempunyai kerajaan dan segala pujian. Dialah yang menghidupkan dan mematikan, dan Dia Mahahidup yang tidak mati. Di tangan-Nya segala kebaikan dan Dia Mahakuasa atas segala sesuatu."
  },
  {
    "id": "30",
    "doa": "Doa sebelum makan",
    "ayat": "اَللّٰهُمَّ بَارِكْ لَنَا فِيْمَا رَزَقْتَنَا وَقِنَا عَذَابَ النَّارِ",
    "latin": "Allahumma baarik lanaa fiimaa rozaqtanaa wa qinaa 'adzaa bannaar.",
    "artinya": "Ya Allah, berkahilah kami dalam rezeki yang telah Engkau berikan kepada kami dan peliharalah kami dari siksa api neraka"
  },
  {
    "id": "31",
    "doa": "Doa sesudah makan",
    "ayat": "اَلْحَمْدُ ِللهِ الَّذِىْ اَطْعَمَنَا وَسَقَانَا وَجَعَلَنَا مُسْلِمِيْنَ",
    "latin": "Alhamdulillahilladzi ath-amanaa wa saqoonaa wa ja'alanaa minal muslimiin.",
    "artinya": "Segala puji bagi Allah yang telah memberi kami makan dan minum serta menjadikan kami termasuk dari kaum muslimin."
  },
  {
    "id": "32",
    "doa": "Doa ketika turun hujan",
    "ayat": "اللَّهُمَّ صَيِّبًا نَافِعًا",
    "latin": "Allahumma shayyiban nafi’an.",
    "artinya": "Ya Allah, curahkanlah air hujan yang bermanfaat. (HR Bukhar dari Aisyah RA)"
  },
  {
    "id": "33",
    "doa": "Doa ketika takut bahaya hujan lebat",
    "ayat": "اللَّهُمَّ حَوَالَيْنَا وَلاَ عَلَيْنَا ، اللَّهُمَّ عَلَى الآكَامِ وَالظِّرَابِ ، وَبُطُونِ الأَوْدِيَةِ ، وَمَنَابِتِ الشَّجَرِ",
    "latin": "Allahumma hawalaina wala ‘alaina. Allahumma ‘alal akami wa adhirabi, wa buthunil auwdiyati, wamanabitisyajari.",
    "artinya": "Ya Allah turunkan hujan ini di sekitar kami jangan di atas kami. Ya Allah curahkanlah hujan ini di atas bukit-bukit, di hutan-hutan lebat, di gunung-gunung kecil, di lembah-lembah, dan tempat-tempat tumbuhnya pepohonan. (HR Bukhari Muslim)"
  },
  {
    "id": "34",
    "doa": "Doa setelah turun hujan",
    "ayat": "مُطِرْنَا بِفَضْلِ اللـهِ ورَحْمَتِهِ",
    "latin": "Muthirnaa bifadhlillahi wa rahmatihi.",
    "artinya": "Diturunkan kepada kami hujan berkat anugerah Allah dan rahmat-Nya. (HR Bukhari)"
  },
  {
    "id": "35",
    "doa": "Doa bertemu binatang buas",
    "ayat": "إِنَّهُۥ مِن سُلَيْمَٰنَ وَإِنَّهُۥ بِسْمِ ٱللَّهِ ٱلرَّحْمَٰنِ ٱلرَّحِيمِ",
    "latin": "Innahụ min sulaimāna wa innahụ bismillāhir-raḥmānir-raḥīm",
    "artinya": "Sesungguhnya surat itu, dari SuIaiman dan sesungguhnya (isi)nya: Dengan menyebut nama Allah Yang Maha Pemurah lagi Maha Penyayang. (Qs. An Naml: 30 )"
  },
  {
    "id": "36",
    "doa": "Doa agar selalu dicukupkan rezeki",
    "ayat": "اَللّٰهُمَّ اَكْفِنِيْ بِحَلَالِكَ عَنْ حَرَامِكَ، وَأَغْنِنِيْ بِفَضْلِكَ عَمَّنْ سِوَاكَ",
    "latin": "Allahummakfini bihalalika ‘an haramik wa aghnini bifadhlika amman siwak",
    "artinya": "Ya Allah, berilah aku kecukupan dengan rezeki yang halal, sehingga aku tidak memerlukan yang haram, dan berilah aku kekayaan dengan karuniamu, sehingga aku tidak memerlukan bantuan orang lain, selain diri-mu. (HR. Ahmad)"
  },
  {
    "id": "37",
    "doa": "Doa ketika menyisir rambut",
    "ayat": "اَللّهُمَّ حَرِّمْ شَعْرِى وَبَشَرِى عَلىَ النَّار",
    "latin": "ALLAHUMMA HARRIM SYA'RII WA BASYARII 'ALAN NAAR",
    "artinya": "Ya Allah, halangilah rambut dan kulitku dari api neraka"
  }
]