[
  {
    "id": "sasayaku-you-ni-koi-wo-utau",
    "name": "Sasayaku You ni Koi wo Utau",
    "img": "https://gogocdn.net/cover/sasayaku-you-ni-koi-wo-utau-1711738463.png",
    "releasedYear": "2024",
    "animeUrl": "https://gogoanime3.co//category/sasayaku-you-ni-koi-wo-utau"
  },
  {
    "id": "isekai-shikkaku",
    "name": "Isekai Shikkaku",
    "img": "https://gogocdn.net/cover/isekai-shikkaku-1726022121.png",
    "releasedYear": "2024",
    "animeUrl": "https://gogoanime3.co//category/isekai-shikkaku"
  },
  {
    "id": "2-5-jigen-no-ririsa",
    "name": "2.5-jigen no Ririsa",
    "img": "https://gogocdn.net/cover/2-5-jigen-no-ririsa-1719512728.png",
    "releasedYear": "2024",
    "animeUrl": "https://gogoanime3.co//category/2-5-jigen-no-ririsa"
  },
  {
    "id": "detective-conan",
    "name": "Detective Conan",
    "img": "https://gogocdn.net/cover/detective-conan.png",
    "releasedYear": "1996",
    "animeUrl": "https://gogoanime3.co//category/detective-conan"
  },
  {
    "id": "giji-harem",
    "name": "Giji Harem",
    "img": "https://gogocdn.net/cover/giji-harem-1719513630.png",
    "releasedYear": "2024",
    "animeUrl": "https://gogoanime3.co//category/giji-harem"
  },
  {
    "id": "kaijuu-8-gou",
    "name": "Kaijuu 8-gou",
    "img": "https://gogocdn.net/cover/kaijuu-8-gou-1711734879.png",
    "releasedYear": "2024",
    "animeUrl": "https://gogoanime3.co//category/kaijuu-8-gou"
  },
  {
    "id": "one-piece",
    "name": "One Piece",
    "img": "https://gogocdn.net/cover/one-piece-1708412053.png",
    "releasedYear": "1999",
    "animeUrl": "https://gogoanime3.co//category/one-piece"
  },
  {
    "id": "isekai-suicide-squad",
    "name": "Isekai Suicide Squad",
    "img": "https://gogocdn.net/cover/isekai-suicide-squad-1719514133.png",
    "releasedYear": "2024",
    "animeUrl": "https://gogoanime3.co//category/isekai-suicide-squad"
  },
  {
    "id": "oshi-no-ko-2nd-season",
    "name": "",
    "img": "https://gogocdn.net/cover/oshi-no-ko-2nd-season.png",
    "releasedYear": "2024",
    "animeUrl": "https://gogoanime3.co//category/oshi-no-ko-2nd-season"
  },
  {
    "id": "kami-no-tou-ouji-no-kikan",
    "name": "Kami no Tou: Ouji no Kikan",
    "img": "https://gogocdn.net/cover/kami-no-tou-ouji-no-kikan.png",
    "releasedYear": "2024",
    "animeUrl": "https://gogoanime3.co//category/kami-no-tou-ouji-no-kikan"
  },
  {
    "id": "fairy-tail-100-years-quest",
    "name": "Fairy Tail: 100 Years Quest",
    "img": "https://gogocdn.net/cover/fairy-tail-100-years-quest-1719513557.png",
    "releasedYear": "2024",
    "animeUrl": "https://gogoanime3.co//category/fairy-tail-100-years-quest"
  },
  {
    "id": "nierautomata-ver1-1a-part-2",
    "name": "NieR:Automata Ver1.1a Part 2",
    "img": "https://gogocdn.net/cover/nierautomata-ver1-1a-part-2.png",
    "releasedYear": "2024",
    "animeUrl": "https://gogoanime3.co//category/nierautomata-ver1-1a-part-2"
  },
  {
    "id": "shikanoko-nokonoko-koshitantan",
    "name": "Shikanoko Nokonoko Koshitantan",
    "img": "https://gogocdn.net/cover/shikanoko-nokonoko-koshitantan.png",
    "releasedYear": "2024",
    "animeUrl": "https://gogoanime3.co//category/shikanoko-nokonoko-koshitantan"
  },
  {
    "id": "boku-no-hero-academia-7th-season",
    "name": "Boku no Hero Academia 7th Season",
    "img": "https://gogocdn.net/cover/boku-no-hero-academia-7th-season.png",
    "releasedYear": "2024",
    "animeUrl": "https://gogoanime3.co//category/boku-no-hero-academia-7th-season"
  },
  {
    "id": "tokidoki-bosotto-russia-go-de-dereru-tonari-no-alya-san",
    "name": "Tokidoki Bosotto Russia-go de Dereru Tonari no Alya-san",
    "img": "https://gogocdn.net/cover/tokidoki-bosotto-russia-go-de-dereru-tonari-no-alya-san.png",
    "releasedYear": "2024",
    "animeUrl": "https://gogoanime3.co//category/tokidoki-bosotto-russia-go-de-dereru-tonari-no-alya-san"
  },
  {
    "id": "kimi-to-boku-no-saigo-no-senjou-aruiwa-sekai-ga-hajimaru-seisen-season-2",
    "name": "Kimi to Boku no Saigo no Senjou, Aruiwa Sekai ga Hajimaru Seisen Season II",
    "img": "https://gogocdn.net/cover/kimi-to-boku-no-saigo-no-senjou-aruiwa-sekai-ga-hajimaru-seisen-season-2-1719514641.png",
    "releasedYear": "2024",
    "animeUrl": "https://gogoanime3.co//category/kimi-to-boku-no-saigo-no-senjou-aruiwa-sekai-ga-hajimaru-seisen-season-2"
  },
  {
    "id": "mushoku-tensei-ii-isekai-ittara-honki-dasu-part-2",
    "name": "Mushoku Tensei II: Isekai Ittara Honki Dasu Part 2",
    "img": "https://gogocdn.net/cover/mushoku-tensei-ii-isekai-ittara-honki-dasu-part-2.png",
    "releasedYear": "2024",
    "animeUrl": "https://gogoanime3.co//category/mushoku-tensei-ii-isekai-ittara-honki-dasu-part-2"
  },
  {
    "id": "ookami-to-koushinryou-merchant-meets-the-wise-wolf",
    "name": "Ookami to Koushinryou: Merchant Meets the Wise Wolf",
    "img": "https://gogocdn.net/cover/ookami-to-koushinryou-merchant-meets-the-wise-wolf.png",
    "releasedYear": "2024",
    "animeUrl": "https://gogoanime3.co//category/ookami-to-koushinryou-merchant-meets-the-wise-wolf"
  },
  {
    "id": "tensei-shitara-slime-datta-ken-3rd-season",
    "name": "Tensei shitara Slime Datta Ken 3rd Season",
    "img": "https://gogocdn.net/cover/tensei-shitara-slime-datta-ken-3rd-season.png",
    "releasedYear": "2024",
    "animeUrl": "https://gogoanime3.co//category/tensei-shitara-slime-datta-ken-3rd-season"
  },
  {
    "id": "gimai-seikatsu",
    "name": "Gimai Seikatsu",
    "img": "https://gogocdn.net/cover/gimai-seikatsu-1719513692.png",
    "releasedYear": "2024",
    "animeUrl": "https://gogoanime3.co//category/gimai-seikatsu"
  }
]